{"cameraMode":{"drawMode":0,"name":"Shaded","section":"Shading Mode"},"sceneLighting":false,"audioPlay":false,"sceneViewState":{"showFog":true,"showMaterialUpdate":true,"showSkybox":false,"showFlares":true,"showImageEffects":true,"showParticleSystems":true},"in2DMode":false,"pivot":{"x":0.5700000524520874,"y":0.0,"z":-23.639999389648439},"rotation":{"x":-0.21052657067775727,"y":-0.08842425048351288,"z":0.019124865531921388,"w":-0.9733949899673462},"size":3.0049941539764406,"orthographic":false}