{"cameraMode":{"drawMode":0,"name":"Shaded","section":"Shading Mode"},"sceneLighting":false,"audioPlay":false,"sceneViewState":{"showFog":true,"showMaterialUpdate":true,"showSkybox":false,"showFlares":true,"showImageEffects":true,"showParticleSystems":true},"in2DMode":false,"pivot":{"x":4.249475955963135,"y":2.6800994873046877,"z":9.350051879882813},"rotation":{"x":-0.10032013803720474,"y":-0.01461995579302311,"z":0.0014742215862497688,"w":-0.9948472380638123},"size":8.65664005279541,"orthographic":false}