{"cameraMode":{"drawMode":0,"name":"Shaded","section":"Shading Mode"},"sceneLighting":false,"audioPlay":false,"sceneViewState":{"showFog":true,"showMaterialUpdate":true,"showSkybox":false,"showFlares":true,"showImageEffects":true,"showParticleSystems":true},"in2DMode":false,"pivot":{"x":3.4462192058563234,"y":-1.255000114440918,"z":28.845001220703126},"rotation":{"x":-0.353521466255188,"y":-0.3157252371311188,"z":0.12812255322933198,"w":-0.8711628317832947},"size":13.058943748474121,"orthographic":false}