{"cameraMode":{"drawMode":0,"name":"Shaded","section":"Shading Mode"},"sceneLighting":false,"audioPlay":false,"sceneViewState":{"showFog":true,"showMaterialUpdate":true,"showSkybox":false,"showFlares":true,"showImageEffects":true,"showParticleSystems":true},"in2DMode":false,"pivot":{"x":5.7482380867004398,"y":-0.8597438335418701,"z":11.511041641235352},"rotation":{"x":-0.2759219706058502,"y":-0.12469898909330368,"z":0.036127857863903049,"w":-0.9523720145225525},"size":7.496114253997803,"orthographic":false}