{"cameraMode":{"drawMode":0,"name":"Shaded","section":"Shading Mode"},"sceneLighting":false,"audioPlay":false,"sceneViewState":{"showFog":true,"showMaterialUpdate":true,"showSkybox":false,"showFlares":true,"showImageEffects":true,"showParticleSystems":true},"in2DMode":false,"pivot":{"x":6.668951034545898,"y":7.031427383422852,"z":5.286807060241699},"rotation":{"x":-0.20125620067119599,"y":0.382052481174469,"z":-0.08563514798879624,"w":-0.8978856205940247},"size":5.5072340965271,"orthographic":false}