{"cameraMode":{"drawMode":0,"name":"Shaded","section":"Shading Mode"},"sceneLighting":false,"audioPlay":false,"sceneViewState":{"showFog":true,"showMaterialUpdate":true,"showSkybox":false,"showFlares":true,"showImageEffects":true,"showParticleSystems":true},"in2DMode":false,"pivot":{"x":9.130000114440918,"y":-0.8450000286102295,"z":4.829999923706055},"rotation":{"x":-0.25208473205566409,"y":-0.03453308343887329,"z":0.009001859463751316,"w":-0.9670473337173462},"size":6.573132514953613,"orthographic":false}