{"cameraMode":{"drawMode":0,"name":"Shaded","section":"Shading Mode"},"sceneLighting":false,"audioPlay":false,"sceneViewState":{"showFog":true,"showMaterialUpdate":true,"showSkybox":false,"showFlares":true,"showImageEffects":true,"showParticleSystems":true},"in2DMode":false,"pivot":{"x":2.5651893615722658,"y":2.783017158508301,"z":7.269888877868652},"rotation":{"x":-0.33018437027931216,"y":0.18549948930740357,"z":-0.06634941697120667,"w":-0.9231290817260742},"size":8.0020751953125,"orthographic":false}