{"cameraMode":{"drawMode":0,"name":"Shaded","section":"Shading Mode"},"sceneLighting":false,"audioPlay":false,"sceneViewState":{"showFog":true,"showMaterialUpdate":true,"showSkybox":false,"showFlares":true,"showImageEffects":true,"showParticleSystems":true},"in2DMode":false,"pivot":{"x":9.407732009887696,"y":1.5817393064498902,"z":18.730112075805665},"rotation":{"x":0.12083277106285095,"y":-0.07734659314155579,"z":0.009444069117307663,"w":0.9896101355552673},"size":2.8851418495178224,"orthographic":false}