{"cameraMode":{"drawMode":0,"name":"Shaded","section":"Shading Mode"},"sceneLighting":true,"audioPlay":false,"sceneViewState":{"showFog":true,"showMaterialUpdate":true,"showSkybox":false,"showFlares":true,"showImageEffects":true,"showParticleSystems":true},"in2DMode":false,"pivot":{"x":-0.4916706085205078,"y":1.8183622360229493,"z":-13.458616256713868},"rotation":{"x":0.1165383830666542,"y":-0.737916111946106,"z":0.13199247419834138,"w":0.6515185832977295},"size":25.696428298950197,"orthographic":false}