{"cameraMode":{"drawMode":0,"name":"Shaded","section":"Shading Mode"},"sceneLighting":false,"audioPlay":false,"sceneViewState":{"showFog":true,"showMaterialUpdate":true,"showSkybox":false,"showFlares":true,"showImageEffects":true,"showParticleSystems":true},"in2DMode":false,"pivot":{"x":3.4792895317077638,"y":-1.2400000095367432,"z":9.976264953613282},"rotation":{"x":0.19579197466373444,"y":-0.15170520544052125,"z":0.03067038767039776,"w":0.968357264995575},"size":9.879936218261719,"orthographic":false}