{"cameraMode":{"drawMode":0,"name":"Shaded","section":"Shading Mode"},"sceneLighting":true,"audioPlay":false,"sceneViewState":{"showFog":true,"showMaterialUpdate":true,"showSkybox":true,"showFlares":true,"showImageEffects":true,"showParticleSystems":true},"in2DMode":false,"pivot":{"x":24.282249450683595,"y":4.8919677734375,"z":11.668959617614746},"rotation":{"x":-0.6055061221122742,"y":0.1413387507200241,"z":-0.11037473380565644,"w":-0.7753722071647644},"size":72.70980072021485,"orthographic":false}