{"cameraMode":{"drawMode":0,"name":"Shaded","section":"Shading Mode"},"sceneLighting":true,"audioPlay":false,"sceneViewState":{"showFog":true,"showMaterialUpdate":true,"showSkybox":true,"showFlares":true,"showImageEffects":true,"showParticleSystems":true},"in2DMode":false,"pivot":{"x":3.940000057220459,"y":-1.347000002861023,"z":-29.15999984741211},"rotation":{"x":-0.22858136892318726,"y":0.1704021841287613,"z":-0.0406733863055706,"w":-0.957633912563324},"size":2.1205499172210695,"orthographic":false}