{"cameraMode":{"drawMode":0,"name":"Shaded","section":"Shading Mode"},"sceneLighting":true,"audioPlay":false,"sceneViewState":{"showFog":true,"showMaterialUpdate":true,"showSkybox":true,"showFlares":true,"showImageEffects":true,"showParticleSystems":true},"in2DMode":false,"pivot":{"x":4.146356582641602,"y":-0.731630802154541,"z":-28.351322174072267},"rotation":{"x":-0.1467384248971939,"y":0.022845519706606866,"z":-0.0033895005472004415,"w":-0.9889078140258789},"size":3.9205496311187746,"orthographic":false}