{"cameraMode":{"drawMode":0,"name":"Shaded","section":"Shading Mode"},"sceneLighting":false,"audioPlay":false,"sceneViewState":{"showFog":true,"showMaterialUpdate":true,"showSkybox":false,"showFlares":true,"showImageEffects":true,"showParticleSystems":true},"in2DMode":false,"pivot":{"x":5.137520790100098,"y":-1.0129265785217286,"z":13.201597213745118},"rotation":{"x":-0.22289223968982697,"y":0.042687878012657168,"z":-0.009770283475518227,"w":-0.973859965801239},"size":5.30633020401001,"orthographic":false}