{"cameraMode":{"drawMode":0,"name":"Shaded","section":"Shading Mode"},"sceneLighting":false,"audioPlay":false,"sceneViewState":{"showFog":true,"showMaterialUpdate":true,"showSkybox":false,"showFlares":true,"showImageEffects":true,"showParticleSystems":true},"in2DMode":false,"pivot":{"x":-7.468090057373047,"y":0.8011252880096436,"z":7.975101470947266},"rotation":{"x":0.03784596547484398,"y":-0.432689905166626,"z":0.01818368397653103,"w":0.900564432144165},"size":25.646106719970704,"orthographic":false}