{"cameraMode":{"drawMode":0,"name":"Shaded","section":"Shading Mode"},"sceneLighting":false,"audioPlay":false,"sceneViewState":{"showFog":true,"showMaterialUpdate":true,"showSkybox":false,"showFlares":true,"showImageEffects":true,"showParticleSystems":true},"in2DMode":false,"pivot":{"x":4.931680202484131,"y":1.4133148193359376,"z":-18.246706008911134},"rotation":{"x":0.10331521928310394,"y":0.001491972361691296,"z":-0.000154972993186675,"w":0.9946475625038147},"size":10.49941635131836,"orthographic":false}