{"cameraMode":{"drawMode":0,"name":"Shaded","section":"Shading Mode"},"sceneLighting":true,"audioPlay":false,"sceneViewState":{"showFog":true,"showMaterialUpdate":true,"showSkybox":true,"showFlares":true,"showImageEffects":true,"showParticleSystems":true},"in2DMode":false,"pivot":{"x":-0.4087398648262024,"y":0.5508965253829956,"z":35.29880905151367},"rotation":{"x":0.005363544449210167,"y":0.9897399544715881,"z":-0.13745778799057008,"w":0.03861922025680542},"size":7.280175685882568,"orthographic":false}