{"cameraMode":{"drawMode":0,"name":"Shaded","section":"Shading Mode"},"sceneLighting":false,"audioPlay":false,"sceneViewState":{"showFog":true,"showMaterialUpdate":true,"showSkybox":false,"showFlares":true,"showImageEffects":true,"showParticleSystems":true},"in2DMode":false,"pivot":{"x":3.4660677909851076,"y":-1.2400000095367432,"z":-2.4800000190734865},"rotation":{"x":-0.3316290080547333,"y":-0.2026837021112442,"z":0.0731823742389679,"w":-0.9184694886207581},"size":11.770636558532715,"orthographic":false}