{"cameraMode":{"drawMode":0,"name":"Shaded","section":"Shading Mode"},"sceneLighting":true,"audioPlay":false,"sceneViewState":{"showFog":true,"showMaterialUpdate":true,"showSkybox":false,"showFlares":true,"showImageEffects":true,"showParticleSystems":true},"in2DMode":false,"pivot":{"x":-4.70361328125,"y":13.652523040771485,"z":-3.9872729778289797},"rotation":{"x":0.19634711742401124,"y":-0.39158502221107485,"z":0.08592287451028824,"w":0.8948333859443665},"size":2.238959312438965,"orthographic":false}