{"cameraMode":{"drawMode":0,"name":"Shaded","section":"Shading Mode"},"sceneLighting":true,"audioPlay":false,"sceneViewState":{"showFog":true,"showMaterialUpdate":true,"showSkybox":false,"showFlares":true,"showImageEffects":true,"showParticleSystems":true},"in2DMode":false,"pivot":{"x":-8.135913848876954,"y":23.556297302246095,"z":-2.9635238647460939},"rotation":{"x":-0.04001953825354576,"y":-0.39088961482048037,"z":-0.01701444573700428,"w":0.9194098711013794},"size":44.4330940246582,"orthographic":false}