{"cameraMode":{"drawMode":0,"name":"Shaded","section":"Shading Mode"},"sceneLighting":false,"audioPlay":false,"sceneViewState":{"showFog":true,"showMaterialUpdate":true,"showSkybox":false,"showFlares":true,"showImageEffects":true,"showParticleSystems":true},"in2DMode":false,"pivot":{"x":0.8137912750244141,"y":4.8294219970703129,"z":-10.363062858581543},"rotation":{"x":-0.20652171969413758,"y":0.6145609617233276,"z":-0.1710776686668396,"w":-0.7418869733810425},"size":33.39295196533203,"orthographic":false}