{"cameraMode":{"drawMode":0,"name":"Shaded","section":"Shading Mode"},"sceneLighting":false,"audioPlay":false,"sceneViewState":{"showFog":true,"showMaterialUpdate":true,"showSkybox":false,"showFlares":true,"showImageEffects":true,"showParticleSystems":true},"in2DMode":false,"pivot":{"x":8.932940483093262,"y":-0.664495587348938,"z":4.3368659019470219},"rotation":{"x":-0.182799831032753,"y":0.3621300458908081,"z":-0.07265359163284302,"w":-0.9111356735229492},"size":3.7541606426239015,"orthographic":false}