{"cameraMode":{"drawMode":0,"name":"Shaded","section":"Shading Mode"},"sceneLighting":false,"audioPlay":false,"sceneViewState":{"showFog":true,"showMaterialUpdate":true,"showSkybox":false,"showFlares":true,"showImageEffects":true,"showParticleSystems":true},"in2DMode":false,"pivot":{"x":6.039071083068848,"y":-1.8595495223999024,"z":9.545050621032715},"rotation":{"x":-0.353521466255188,"y":-0.3157252371311188,"z":0.12812255322933198,"w":-0.8711628317832947},"size":18.826461791992189,"orthographic":false}