{"cameraMode":{"drawMode":0,"name":"Shaded","section":"Shading Mode"},"sceneLighting":false,"audioPlay":false,"sceneViewState":{"showFog":true,"showMaterialUpdate":true,"showSkybox":false,"showFlares":true,"showImageEffects":true,"showParticleSystems":true},"in2DMode":false,"pivot":{"x":8.783486366271973,"y":3.346170425415039,"z":15.491206169128418},"rotation":{"x":-0.20551419258117677,"y":-0.009976852685213089,"z":0.0020953775383532049,"w":-0.9786017537117004},"size":13.203256607055664,"orthographic":false}