{"cameraMode":{"drawMode":0,"name":"Shaded","section":"Shading Mode"},"sceneLighting":false,"audioPlay":false,"sceneViewState":{"showFog":true,"showMaterialUpdate":true,"showSkybox":false,"showFlares":true,"showImageEffects":true,"showParticleSystems":true},"in2DMode":false,"pivot":{"x":3.5960774421691896,"y":-1.4836790561676026,"z":29.677688598632814},"rotation":{"x":-0.3562842309474945,"y":0.12033557146787644,"z":-0.046328019350767139,"w":-0.9254378080368042},"size":8.01189136505127,"orthographic":false}