{"cameraMode":{"drawMode":0,"name":"Shaded","section":"Shading Mode"},"sceneLighting":false,"audioPlay":false,"sceneViewState":{"showFog":true,"showMaterialUpdate":true,"showSkybox":false,"showFlares":true,"showImageEffects":true,"showParticleSystems":true},"in2DMode":false,"pivot":{"x":0.5008683204650879,"y":-2.303964614868164,"z":21.403255462646486},"rotation":{"x":-0.3316290080547333,"y":-0.2026837021112442,"z":0.0731823742389679,"w":-0.9184694886207581},"size":8.985121726989746,"orthographic":false}