{"cameraMode":{"drawMode":0,"name":"Shaded","section":"Shading Mode"},"sceneLighting":true,"audioPlay":false,"sceneViewState":{"showFog":true,"showMaterialUpdate":true,"showSkybox":true,"showFlares":true,"showImageEffects":true,"showParticleSystems":true},"in2DMode":false,"pivot":{"x":358.4840087890625,"y":203.86338806152345,"z":-32.575225830078128},"rotation":{"x":-0.04192564636468887,"y":0.05423092097043991,"z":-0.0022790462244302036,"w":-0.9976460337638855},"size":84.87985229492188,"orthographic":false}