{"cameraMode":{"drawMode":0,"name":"Shaded","section":"Shading Mode"},"sceneLighting":false,"audioPlay":false,"sceneViewState":{"showFog":true,"showMaterialUpdate":true,"showSkybox":false,"showFlares":true,"showImageEffects":true,"showParticleSystems":true},"in2DMode":false,"pivot":{"x":4.193824291229248,"y":1.1888704299926758,"z":-17.194854736328126},"rotation":{"x":0.11437293887138367,"y":0.06849033385515213,"z":-0.007904286496341229,"w":0.9910430312156677},"size":16.253063201904298,"orthographic":false}