{"cameraMode":{"drawMode":0,"name":"Shaded","section":"Shading Mode"},"sceneLighting":false,"audioPlay":false,"sceneViewState":{"showFog":true,"showMaterialUpdate":true,"showSkybox":false,"showFlares":true,"showImageEffects":true,"showParticleSystems":true},"in2DMode":false,"pivot":{"x":5.1644744873046879,"y":4.133457660675049,"z":9.668421745300293},"rotation":{"x":-0.23468199372291566,"y":0.1870056837797165,"z":-0.04606065899133682,"w":-0.952802836894989},"size":15.400286674499512,"orthographic":false}