{"cameraMode":{"drawMode":0,"name":"Shaded","section":"Shading Mode"},"sceneLighting":false,"audioPlay":false,"sceneViewState":{"showFog":true,"showMaterialUpdate":true,"showSkybox":false,"showFlares":true,"showImageEffects":true,"showParticleSystems":true},"in2DMode":false,"pivot":{"x":3.9139528274536135,"y":3.559999942779541,"z":-25.43437957763672},"rotation":{"x":0.06452220678329468,"y":0.5070109963417053,"z":-0.038096021860837939,"w":0.8586803674697876},"size":8.002074241638184,"orthographic":false}